,top_words,topic_number
0,"[u'people' u'know' u'look' u'grindr' u'looking' u'want' u'meet' u'good'
 u'dating' u'date' u'bar' u'attractive' u'new' u'body' u'make' u'apps'
 u'say' u'profile' u'bros' u'pic' u'men' u'way' u'picture' u'lot' u'hot'
 u'question' u'doe' u'old' u'interested']",0
1,"[u'year' u'relationship' u'want' u'time' u'love' u'know' u'work' u'going'
 u'need' u'job' u'boyfriend' u'help' u'month' u'make' u'day' u'people'
 u'advice' u'school' u'feeling' u'long' u'new' u'live' u'good' u'college'
 u'issue' u'week' u'away' u'way' u'problem']",1
2,"[u'know' u'people' u'straight' u'come' u'want' u'year' u'family' u'girl'
 u'men' u'tell' u'coming' u'parent' u'love' u'school' u'woman' u'say'
 u'make' u'question' u'way' u'sexuality' u'thought' u'attracted' u'brother'
 u'person' u'sure' u'mom' u'best' u'told' u'man']",2
3,"[u'sex' u'time' u'want' u'know' u'dick' u'anal' u'getting' u'doe' u'porn'
 u'condom' u'make' u'hard' u'question' u'sexual' u'experience' u'way'
 u'cum' u'help' u'tried' u'hiv' u'pretty' u'problem' u'try' u'lot'
 u'advice' u'bit' u'going' u'thought' u'good']",3
4,"[u'time' u'know' u'want' u'told' u'day' u'say' u'night' u'tell' u'going'
 u'date' u'met' u'week' u'month' u'talk' u'feeling' u'relationship'
 u'started' u'talking' u'asked' u'wanted' u'thought' u'make' u'felt' u'way'
 u'ago' u'sure' u'text' u'wasnt' u'boyfriend']",4
